articulacao;parafuso;quantidade;porca;quantidade_porcas;arruelas_pequenas;quantidade_arruelas;apoio_deslizamento
ombro_E;ISO 4762 M3x16;1;ISO 4032 M3;1;DIN 433 / ISO 7092 M3 3.2x6x0.5;2;
ombro_D;ISO 4762 M3x16;1;ISO 4032 M3;1;DIN 433 / ISO 7092 M3 3.2x6x0.5;2;
cotovelo_E;ISO 4762 M3x16;1;ISO 4032 M3;1;DIN 433 / ISO 7092 M3 3.2x6x0.5;2;
cotovelo_D;ISO 4762 M3x16;1;ISO 4032 M3;1;DIN 433 / ISO 7092 M3 3.2x6x0.5;2;
punho_E;ISO 4762 M3x16;1;ISO 4032 M3;1;DIN 433 / ISO 7092 M3 3.2x6x0.5;2;
punho_D;ISO 4762 M3x16;1;ISO 4032 M3;1;DIN 433 / ISO 7092 M3 3.2x6x0.5;2;
quadril_E;ISO 4762 M3x16;1;ISO 4032 M3;1;DIN 433 / ISO 7092 M3 3.2x6x0.5;2;
quadril_D;ISO 4762 M3x16;1;ISO 4032 M3;1;DIN 433 / ISO 7092 M3 3.2x6x0.5;2;
joelho_E;ISO 4762 M3x16;1;ISO 4032 M3;1;DIN 433 / ISO 7092 M3 3.2x6x0.5;2;
joelho_D;ISO 4762 M3x16;1;ISO 4032 M3;1;DIN 433 / ISO 7092 M3 3.2x6x0.5;2;
tornozelo_E;ISO 4762 M3x16;1;ISO 4032 M3;1;DIN 433 / ISO 7092 M3 3.2x6x0.5;2;
tornozelo_D;ISO 4762 M3x16;1;ISO 4032 M3;1;DIN 433 / ISO 7092 M3 3.2x6x0.5;2;
pescoco;ISO 4762 M3x16;1;ISO 4032 M3;1;DIN 433 / ISO 7092 M3 3.2x6x0.5;1;PTFE/PET recortado 3.3x12x0.3
