arquivo_STL;cor;grupo;solidos;volume_mm3;observacao
alinhador_cintura_D.stl;azul_marinho;body;1;42.412;"Pino colável Ø3; folga diametral0.4."
alinhador_cintura_E.stl;azul_marinho;body;1;42.412;"Pino colável Ø3; folga diametral0.4."
base_inferior_azul.stl;azul_marinho;base;1;74730.845;"Base colável; boneco pode ficar livre ou ser fixado por baixo dos pés."
base_superior_azul.stl;azul_marinho;base;1;24758.746;"Base colável; boneco pode ficar livre ou ser fixado por baixo dos pés."
colar_azul.stl;azul_marinho;body;1;295.364;
head_antenna_left_stem.stl;azul_marinho;head;1;182.068;"Tapered stem seats in rebuilt shell recess; glue cyan ball at upper end."
head_antenna_right_stem.stl;azul_marinho;head;1;182.068;"Tapered stem seats in rebuilt shell recess; glue cyan ball at upper end."
head_back_navy_panel.stl;azul_marinho;head;1;2105.77;Tapered rear panel, supported by recessed white skin.
head_ear_left_navy_center.stl;azul_marinho;head;1;522.418;Solid navy ear centre disk.
head_ear_left_navy_ring.stl;azul_marinho;head;1;376.232;Concentric ear insert.
head_ear_left_outer_navy.stl;azul_marinho;head;1;869.331;0.8 mm outer navy outline, glued to white ear.
head_ear_right_navy_center.stl;azul_marinho;head;1;522.418;Solid navy ear centre disk.
head_ear_right_navy_ring.stl;azul_marinho;head;1;376.232;Concentric ear insert.
head_ear_right_outer_navy.stl;azul_marinho;head;1;869.331;0.8 mm outer navy outline, glued to white ear.
head_top_navy_panel.stl;azul_marinho;head;1;2025.455;Remove inset top cover before separating head shells.
head_visor_navy.stl;azul_marinho;head;1;11173.631;"Rounded 83.2 by 54.6 mm face plate, 2.6 mm thick; glue face inserts to the flat front."
left_boot_sole_and_joint.stl;azul_marinho;left_boot;1;3346.275;"Integral flat sole and ankle tongue. M3 bore 3.3 mm along Y; sole z0..3 mm."
left_boot_toe_navy.stl;azul_marinho;left_boot;1;1259.596;"Separate rounded front toe cap; glue above the flat sole."
left_forearm_frame.stl;azul_marinho;left_forearm;1;1313.301;"Structural frame. A tongue 4.8 mm, B clevis gap 5.4 mm; M3 bores 3.3 mm along Y."
left_hand_navy.stl;azul_marinho;left_hand;1;2339.86;"Four fixed digits (three fingers and a thumb); wrist tongue radius 4.5 mm, thickness 4.8 mm, Y-axis M3 bore 3.3 mm."
left_shin_frame.stl;azul_marinho;left_shin;1;1432.399;"Structural frame. A tongue 4.8 mm, B clevis gap 5.4 mm; M3 bores 3.3 mm along Y."
left_thigh_frame.stl;azul_marinho;left_thigh;1;1508.521;"Structural frame. A tongue 4.8 mm, B clevis gap 5.4 mm; M3 bores 3.3 mm along Y."
left_upper_arm_frame.stl;azul_marinho;left_upper_arm;1;1782.213;"Structural frame. A tongue 4.8 mm, B clevis gap 5.4 mm; M3 bores 3.3 mm along Y."
logo_Lidera_azul.stl;azul_marinho;graphics;7;19.465;"Letras soltas; preferir decalque se montagem com bico0.4 for difícil."
logo_subtitulo_azul.stl;azul_marinho;graphics;19;2.771;"Texto fino: decalque recomendado ou bico0.2; não se garante legibilidade com0.4."
painel_dorsal_azul.stl;azul_marinho;body;1;218.047;
pelve_azul.stl;azul_marinho;body;1;12559.706;"Quadris clevis M3; união colada ao torso depois de montar pescoço."
right_boot_sole_and_joint.stl;azul_marinho;right_boot;1;3346.275;"Integral flat sole and ankle tongue. M3 bore 3.3 mm along Y; sole z0..3 mm."
right_boot_toe_navy.stl;azul_marinho;right_boot;1;1259.596;"Separate rounded front toe cap; glue above the flat sole."
right_forearm_frame.stl;azul_marinho;right_forearm;1;1072.595;"Structural frame. A tongue 4.8 mm, B clevis gap 5.4 mm; M3 bores 3.3 mm along Y."
right_hand_navy.stl;azul_marinho;right_hand;1;867.75;"Four fixed digits (three fingers and a thumb); wrist tongue radius 4.5 mm, thickness 4.8 mm, Y-axis M3 bore 3.3 mm. Static relief against adjacent frame; 0.2 mm parametric allowance."
right_shin_frame.stl;azul_marinho;right_shin;1;1432.399;"Structural frame. A tongue 4.8 mm, B clevis gap 5.4 mm; M3 bores 3.3 mm along Y."
right_thigh_frame.stl;azul_marinho;right_thigh;1;1508.521;"Structural frame. A tongue 4.8 mm, B clevis gap 5.4 mm; M3 bores 3.3 mm along Y."
right_upper_arm_frame.stl;azul_marinho;right_upper_arm;1;1644.397;"Structural frame. A tongue 4.8 mm, B clevis gap 5.4 mm; M3 bores 3.3 mm along Y."
head_eye_left_pupil.stl;azul_muito_escuro;head;1;183.685;Eye insert 1.56 mm thick, laid flat for printing and glued to visor.
head_eye_right_pupil.stl;azul_muito_escuro;head;1;183.685;Eye insert 1.56 mm thick, laid flat for printing and glued to visor.
head_smile_mouth_dark.stl;azul_muito_escuro;head;1;241.726;Open smile with recesses for white teeth and coral tongue.
base_tampo_branco.stl;branco;base;1;14351.811;"Base colável; boneco pode ficar livre ou ser fixado por baixo dos pés."
head_ear_left_white.stl;branco;head;1;7714.799;"White ear with 3.9 mm removable axial peg; remove ear before opening head."
head_ear_right_white.stl;branco;head;1;7714.799;"White ear with 3.9 mm removable axial peg; remove ear before opening head."
head_eye_left_highlight_large.stl;branco;head;1;15.095;3.51 mm white highlight, 1.56 mm thick.
head_eye_left_highlight_small.stl;branco;head;1;2.982;"1.56 mm white highlight, 1.56 mm thick; glue carefully or paint."
head_eye_left_white.stl;branco;head;1;254.687;Eye insert 1.56 mm thick, laid flat for printing and glued to visor.
head_eye_right_highlight_large.stl;branco;head;1;15.095;3.51 mm white highlight, 1.56 mm thick.
head_eye_right_highlight_small.stl;branco;head;1;2.982;"1.56 mm white highlight, 1.56 mm thick; glue carefully or paint."
head_eye_right_white.stl;branco;head;1;254.687;Eye insert 1.56 mm thick, laid flat for printing and glued to visor.
head_smile_teeth_white.stl;branco;head;1;111.2;Curved upper row of white teeth.
head_white_front_shell.stl;branco;head;1;37703.337;"3.9 mm shell; bottom Z95.8; rebuilt M3 bore 3.3 mm and captive-nut pocket 5.89 mm across flats. Insert nut before closing the shells. Head seam Y=0; alignment dowels 3.9 mm and sockets 4.29 mm. Remove ears and crown cover to open."
head_white_rear_shell.stl;branco;head;1;56056.835;"3.9 mm shell; bottom Z95.8; rebuilt M3 bore 3.3 mm and captive-nut pocket 5.89 mm across flats. Insert nut before closing the shells. Head seam Y=0; alignment dowels 3.9 mm and sockets 4.29 mm. Remove ears and crown cover to open."
left_boot_white_left.stl;branco;left_boot;1;1570.9;"Open boot half-cover, cavity allowance 0.18 mm; glue onto sole."
left_boot_white_right.stl;branco;left_boot;1;1570.873;"Open boot half-cover, cavity allowance 0.18 mm; glue onto sole."
left_forearm_white_back.stl;branco;left_forearm;1;910.332;"Open half-cover; glue around the structural frame. Nominal cavity allowance 0.18 mm. Static relief against adjacent frame; 0.2 mm parametric allowance. Elbow crease relieved for the displayed pose."
left_forearm_white_front.stl;branco;left_forearm;1;909.841;"Open half-cover; glue around the structural frame. Nominal cavity allowance 0.18 mm. Static relief against adjacent frame; 0.2 mm parametric allowance. Elbow crease relieved for the displayed pose."
left_hand_glove_white_back_1.stl;branco;left_hand;1;24.619;"Open fixed-digit glove patch, nominal cuff thickness 0.82 mm; glue after printing."
left_hand_glove_white_back_2.stl;branco;left_hand;1;6.605;"Open fixed-digit glove patch, nominal cuff thickness 0.82 mm; glue after printing."
left_hand_glove_white_front_1.stl;branco;left_hand;1;23.118;"Open fixed-digit glove patch, nominal cuff thickness 0.82 mm; glue after printing."
left_hand_glove_white_front_2.stl;branco;left_hand;1;8.497;"Open fixed-digit glove patch, nominal cuff thickness 0.82 mm; glue after printing."
left_shin_white_back.stl;branco;left_shin;1;545.201;"Open half-cover; glue around the structural frame. Nominal cavity allowance 0.18 mm."
left_shin_white_front.stl;branco;left_shin;1;544.922;"Open half-cover; glue around the structural frame. Nominal cavity allowance 0.18 mm."
left_thigh_white_back.stl;branco;left_thigh;1;322.667;"Open half-cover; glue around the structural frame. Nominal cavity allowance 0.18 mm."
left_thigh_white_front.stl;branco;left_thigh;1;322.57;"Open half-cover; glue around the structural frame. Nominal cavity allowance 0.18 mm."
left_upper_arm_white_back.stl;branco;left_upper_arm;1;1246.363;"Open half-cover; glue around the structural frame. Nominal cavity allowance 0.18 mm. Static relief against adjacent frame; 0.2 mm parametric allowance."
left_upper_arm_white_front.stl;branco;left_upper_arm;1;1245.802;"Open half-cover; glue around the structural frame. Nominal cavity allowance 0.18 mm. Static relief against adjacent frame; 0.2 mm parametric allowance."
right_boot_white_left.stl;branco;right_boot;1;1570.9;"Open boot half-cover, cavity allowance 0.18 mm; glue onto sole."
right_boot_white_right.stl;branco;right_boot;1;1570.873;"Open boot half-cover, cavity allowance 0.18 mm; glue onto sole."
right_forearm_white_back.stl;branco;right_forearm;1;267.68;"Open half-cover; glue around the structural frame. Nominal cavity allowance 0.18 mm. Static relief against adjacent frame; 0.2 mm parametric allowance. Elbow crease relieved for the displayed pose."
right_forearm_white_front.stl;branco;right_forearm;1;260.003;"Open half-cover; glue around the structural frame. Nominal cavity allowance 0.18 mm. Static relief against adjacent frame; 0.2 mm parametric allowance. Elbow crease relieved for the displayed pose."
right_hand_glove_white_back_1.stl;branco;right_hand;1;1.947;"Open fixed-digit glove patch, nominal cuff thickness 0.82 mm; glue after printing."
right_hand_glove_white_back_2.stl;branco;right_hand;1;3.032;"Open fixed-digit glove patch, nominal cuff thickness 0.82 mm; glue after printing. Static relief against adjacent frame; 0.2 mm parametric allowance."
right_hand_glove_white_back_3.stl;branco;right_hand;1;5.334;"Open fixed-digit glove patch, nominal cuff thickness 0.82 mm; glue after printing."
right_hand_glove_white_front_1.stl;branco;right_hand;1;25.351;"Open fixed-digit glove patch, nominal cuff thickness 0.82 mm; glue after printing."
right_hand_glove_white_front_2.stl;branco;right_hand;1;11.239;"Open fixed-digit glove patch, nominal cuff thickness 0.82 mm; glue after printing."
right_shin_white_back.stl;branco;right_shin;1;545.201;"Open half-cover; glue around the structural frame. Nominal cavity allowance 0.18 mm."
right_shin_white_front.stl;branco;right_shin;1;544.922;"Open half-cover; glue around the structural frame. Nominal cavity allowance 0.18 mm."
right_thigh_white_back.stl;branco;right_thigh;1;322.697;"Open half-cover; glue around the structural frame. Nominal cavity allowance 0.18 mm."
right_thigh_white_front.stl;branco;right_thigh;1;322.528;"Open half-cover; glue around the structural frame. Nominal cavity allowance 0.18 mm."
right_upper_arm_white_back.stl;branco;right_upper_arm;1;955.515;"Open half-cover; glue around the structural frame. Nominal cavity allowance 0.18 mm. Static relief against adjacent frame; 0.2 mm parametric allowance."
right_upper_arm_white_front.stl;branco;right_upper_arm;1;954.003;"Open half-cover; glue around the structural frame. Nominal cavity allowance 0.18 mm. Static relief against adjacent frame; 0.2 mm parametric allowance."
torso_branco.stl;branco;body;1;35897.303;"Ombros M3; parafuso do pescoço inserido por baixo antes de colar a cintura."
base_faixa_ciano.stl;ciano;base;1;2597.72;"Base colável; boneco pode ficar livre ou ser fixado por baixo dos pés."
colar_ciano.stl;ciano;body;1;199.619;
friso_peito_ciano.stl;ciano;body;1;32.747;"Aplique; ajustar/colar ao contorno inferior do peito."
head_antenna_left_ball.stl;ciano;head;1;479.789;"5 mm-radius ball at Z175; top of figure exactly Z180."
head_antenna_right_ball.stl;ciano;head;1;479.789;"5 mm-radius ball at Z175; top of figure exactly Z180."
head_brow_left_cyan.stl;ciano;head;1;48.361;Curved cyan brow, 1 mm thick.
head_brow_right_cyan.stl;ciano;head;1;48.361;Curved cyan brow, 1 mm thick.
head_ear_left_cyan_ring.stl;ciano;head;1;267.801;Concentric ear insert.
head_ear_right_cyan_ring.stl;ciano;head;1;267.801;Concentric ear insert.
head_eye_left_cyan.stl;ciano;head;1;139.891;Eye insert 1.56 mm thick, laid flat for printing and glued to visor.
head_eye_right_cyan.stl;ciano;head;1;139.891;Eye insert 1.56 mm thick, laid flat for printing and glued to visor.
head_lash_left_cyan.stl;ciano;head;1;7.505;Separate outward eyelash, glue to visor.
head_lash_right_cyan.stl;ciano;head;1;7.505;Separate outward eyelash, glue to visor.
head_visor_cyan_bezel.stl;ciano;head;1;2965.425;"1.3 mm-wide cyan contour; glue rear lip into white opening."
left_boot_cyan_left.stl;ciano;left_boot;1;39.14;"Open boot half-cover, cavity allowance 0.18 mm; glue onto sole."
left_boot_cyan_right.stl;ciano;left_boot;1;39.151;"Open boot half-cover, cavity allowance 0.18 mm; glue onto sole."
left_forearm_cyan_back.stl;ciano;left_forearm;1;44.86;"Open half-cover; glue around the structural frame. Nominal cavity allowance 0.18 mm. Elbow crease relieved for the displayed pose."
left_forearm_cyan_front.stl;ciano;left_forearm;1;44.841;"Open half-cover; glue around the structural frame. Nominal cavity allowance 0.18 mm. Elbow crease relieved for the displayed pose."
left_hand_palm_cyan.stl;ciano;left_hand;1;25.542;"Flush palm inlay; glue to the hand."
left_shin_cyan_back.stl;ciano;left_shin;1;40.909;"Open half-cover; glue around the structural frame. Nominal cavity allowance 0.18 mm."
left_shin_cyan_front.stl;ciano;left_shin;1;40.893;"Open half-cover; glue around the structural frame. Nominal cavity allowance 0.18 mm."
left_thigh_cyan_back.stl;ciano;left_thigh;1;44.621;"Open half-cover; glue around the structural frame. Nominal cavity allowance 0.18 mm."
left_thigh_cyan_front.stl;ciano;left_thigh;1;44.605;"Open half-cover; glue around the structural frame. Nominal cavity allowance 0.18 mm."
left_upper_arm_cyan_back.stl;ciano;left_upper_arm;1;41.733;"Open half-cover; glue around the structural frame. Nominal cavity allowance 0.18 mm."
left_upper_arm_cyan_front.stl;ciano;left_upper_arm;1;41.718;"Open half-cover; glue around the structural frame. Nominal cavity allowance 0.18 mm."
logo_arco_ciano.stl;ciano;graphics;1;16.184;
logo_no_ciano_0.stl;ciano;graphics;1;3.695;
logo_no_ciano_1.stl;ciano;graphics;1;3.695;
right_boot_cyan_left.stl;ciano;right_boot;1;39.14;"Open boot half-cover, cavity allowance 0.18 mm; glue onto sole."
right_boot_cyan_right.stl;ciano;right_boot;1;39.151;"Open boot half-cover, cavity allowance 0.18 mm; glue onto sole."
right_forearm_cyan_back.stl;ciano;right_forearm;1;33.378;"Open half-cover; glue around the structural frame. Nominal cavity allowance 0.18 mm. Elbow crease relieved for the displayed pose."
right_forearm_cyan_front.stl;ciano;right_forearm;1;34.846;"Open half-cover; glue around the structural frame. Nominal cavity allowance 0.18 mm. Elbow crease relieved for the displayed pose."
right_hand_palm_cyan.stl;ciano;right_hand;1;19.733;"Flush palm inlay; glue to the hand."
right_shin_cyan_back.stl;ciano;right_shin;1;40.909;"Open half-cover; glue around the structural frame. Nominal cavity allowance 0.18 mm."
right_shin_cyan_front.stl;ciano;right_shin;1;40.893;"Open half-cover; glue around the structural frame. Nominal cavity allowance 0.18 mm."
right_thigh_cyan_back.stl;ciano;right_thigh;1;44.621;"Open half-cover; glue around the structural frame. Nominal cavity allowance 0.18 mm."
right_thigh_cyan_front.stl;ciano;right_thigh;1;44.605;"Open half-cover; glue around the structural frame. Nominal cavity allowance 0.18 mm."
right_upper_arm_cyan_back.stl;ciano;right_upper_arm;1;42.202;"Open half-cover; glue around the structural frame. Nominal cavity allowance 0.18 mm."
right_upper_arm_cyan_front.stl;ciano;right_upper_arm;1;42.189;"Open half-cover; glue around the structural frame. Nominal cavity allowance 0.18 mm."
head_smile_tongue_coral.stl;coral;head;1;127.841;Coral tongue inset in lower smile.
logo_arco_laranja.stl;laranja;graphics;1;11.207;
logo_no_laranja_0.stl;laranja;graphics;1;3.695;
logo_no_laranja_1.stl;laranja;graphics;1;3.695;
